Name,Birthday,Username
asasas,sss,ssss
asasas,sss,ssss
asasas,sss,ssss
asasas,sss,ssss
asasas,sss,ssss
asasas,sss,ssss
asasas,sss,ssss
asasas,sss,ssss
asasas,sss,ssss
asasas,sss,ssss
asasas,sss,ssss
asasas,sss,ssss
asasas,sss,ssss
asasas,sss,ssss
asasas,sss,ssss
asasas,sss,ssss
asasas,sss,ssss
asasas,sss,ssss
asasas,sss,ssss
asasas,sss,ssss
asasas,sss,ssss
asasas,sss,ssss
asasas,sss,ssss
asasas,sss,ssss
asasas,sss,ssss
asasas,sss,ssss
asasas,sss,ssss
asasas,sss,ssss
asasas,sss,ssss
asasas,sss,ssss
asasas,sss,ssss
asasas,sss,ssss
asasas,sss,ssss
asasas,sss,ssss
asasas,sss,ssss
asasas,sss,ssss
asasas,sss,ssss
asasas,sss,ssss
asasas,sss,ssss
asasas,sss,ssss
asasas,sss,ssss
asasas,sss,ssss
asasas,sss,ssss
asasas,sss,ssss
asasas,sss,ssss
asasas,sss,ssss
asasas,sss,ssss
asasas,sss,ssss
asasas,sss,ssss
asasas,sss,ssss
asasas,sss,ssss
asasas,sss,ssss
asasas,sss,ssss
asasas,sss,ssss
asasas,sss,ssss
asasas,sss,ssss
asasas,sss,ssss
asasas,sss,ssss
asasas,sss,ssss
asasas,sss,ssss
asasas,sss,ssss
asasas,sss,ssss
asasas,sss,ssss
asasas,sss,ssss
asasas,sss,ssss
asasas,sss,ssss
asasas,sss,ssss
asasas,sss,ssss
asasas,sss,ssss
asasas,sss,ssss
asasas,sss,ssss
asasas,sss,ssss
asasas,sss,ssss
asasas,sss,ssss
asasas,sss,ssss
asasas,sss,ssss
asasas,sss,ssss
asasas,sss,ssss
asasas,sss,ssss
asasas,sss,ssss
asasas,sss,ssss
asasas,sss,ssss
asasas,sss,ssss
asasas,sss,ssss
asasas,sss,ssss
asasas,sss,ssss
asasas,sss,ssss
asasas,sss,ssss
asasas,sss,ssss
asasas,sss,ssss
asasas,sss,ssss
asasas,sss,ssss
asasas,sss,ssss
asasas,sss,ssss
asasas,sss,ssss
asasas,sss,ssss
asasas,sss,ssss
asasas,sss,ssss
asasas,sss,ssss
asasas,sss,ssss
asasas,sss,ssss
asasas,sss,ssss
asasas,sss,ssss
asasas,sss,ssss
asasas,sss,ssss
asasas,sss,ssss
asasas,sss,ssss
asasas,sss,ssss
asasas,sss,ssss
asasas,sss,ssss
asasas,sss,ssss
asasas,sss,ssss
asasas,sss,ssss
asasas,sss,ssss
asasas,sss,ssss
asasas,sss,ssss
asasas,sss,ssss
asasas,sss,ssss
asasas,sss,ssss
asasas,sss,ssss
asasas,sss,ssss
asasas,sss,ssss
asasas,sss,ssss
asasas,sss,ssss
asasas,sss,ssss
asasas,sss,ssss
asasas,sss,ssss
asasas,sss,ssss
asasas,sss,ssss
asasas,sss,ssss
asasas,sss,ssss
asasas,sss,ssss
asasas,sss,ssss
asasas,sss,ssss
asasas,sss,ssss
asasas,sss,ssss
asasas,sss,ssss
asasas,sss,ssss
asasas,sss,ssss
asasas,sss,ssss
asasas,sss,ssss
asasas,sss,ssss
asasas,sss,ssss
asasas,sss,ssss
asasas,sss,ssss
asasas,sss,ssss
asasas,sss,ssss
asasas,sss,ssss
asasas,sss,ssss
asasas,sss,ssss
asasas,sss,ssss
asasas,sss,ssss
asasas,sss,ssss
asasas,sss,ssss
asasas,sss,ssss
asasas,sss,ssss
asasas,sss,ssss
asasas,sss,ssss
asasas,sss,ssss
asasas,sss,ssss
asasas,sss,ssss
asasas,sss,ssss
asasas,sss,ssss
asasas,sss,ssss
asasas,sss,ssss
asasas,sss,ssss
asasas,sss,ssss
asasas,sss,ssss
asasas,sss,ssss
asasas,sss,ssss
asasas,sss,ssss
asasas,sss,ssss
asasas,sss,ssss
asasas,sss,ssss
asasas,sss,ssss
asasas,sss,ssss
asasas,sss,ssss
asasas,sss,ssss
asasas,sss,ssss
asasas,sss,ssss
asasas,sss,ssss
asasas,sss,ssss
asasas,sss,ssss
asasas,sss,ssss
asasas,sss,ssss
asasas,sss,ssss
asasas,sss,ssss
asasas,sss,ssss
asasas,sss,ssss
asasas,sss,ssss
asasas,sss,ssss
asasas,sss,ssss
asasas,sss,ssss
asasas,sss,ssss
asasas,sss,ssss
asasas,sss,ssss
asasas,sss,ssss
asasas,sss,ssss
asasas,sss,ssss
asasas,sss,ssss
asasas,sss,ssss
asasas,sss,ssss
asasas,sss,ssss
asasas,sss,ssss
asasas,sss,ssss
asasas,sss,ssss
asasas,sss,ssss
asasas,sss,ssss
asasas,sss,ssss
asasas,sss,ssss
asasas,sss,ssss
asasas,sss,ssss
asasas,sss,ssss
asasas,sss,ssss
asasas,sss,ssss
asasas,sss,ssss
asasas,sss,ssss
asasas,sss,ssss
asasas,sss,ssss
asasas,sss,ssss
asasas,sss,ssss
asasas,sss,ssss
asasas,sss,ssss
asasas,sss,ssss
asasas,sss,ssss
asasas,sss,ssss
asasas,sss,ssss
asasas,sss,ssss
asasas,sss,ssss
asasas,sss,ssss
asasas,sss,ssss
asasas,sss,ssss
asasas,sss,ssss
asasas,sss,ssss
asasas,sss,ssss
asasas,sss,ssss
asasas,sss,ssss
asasas,sss,ssss
asasas,sss,ssss
asasas,sss,ssss
asasas,sss,ssss
asasas,sss,ssss
asasas,sss,ssss
asasas,sss,ssss
asasas,sss,ssss
asasas,sss,ssss
asasas,sss,ssss
asasas,sss,ssss
asasas,sss,ssss
asasas,sss,ssss
asasas,sss,ssss
asasas,sss,ssss
asasas,sss,ssss
asasas,sss,ssss
asasas,sss,ssss
asasas,sss,ssss
asasas,sss,ssss
asasas,sss,ssss
asasas,sss,ssss
asasas,sss,ssss
asasas,sss,ssss
asasas,sss,ssss
asasas,sss,ssss
asasas,sss,ssss
asasas,sss,ssss
asasas,sss,ssss
asasas,sss,ssss
asasas,sss,ssss
asasas,sss,ssss
asasas,sss,ssss
asasas,sss,ssss
asasas,sss,ssss
asasas,sss,ssss
asasas,sss,ssss
asasas,sss,ssss
asasas,sss,ssss
asasas,sss,ssss
asasas,sss,ssss
asasas,sss,ssss
asasas,sss,ssss
asasas,sss,ssss
asasas,sss,ssss
asasas,sss,ssss
asasas,sss,ssss
asasas,sss,ssss
asasas,sss,ssss
asasas,sss,ssss
asasas,sss,ssss
asasas,sss,ssss
asasas,sss,ssss
asasas,sss,ssss
asasas,sss,ssss
asasas,sss,ssss
asasas,sss,ssss
asasas,sss,ssss
asasas,sss,ssss
asasas,sss,ssss
asasas,sss,ssss
asasas,sss,ssss
asasas,sss,ssss
asasas,sss,ssss
asasas,sss,ssss
asasas,sss,ssss
asasas,sss,ssss
asasas,sss,ssss
asasas,sss,ssss
asasas,sss,ssss
asasas,sss,ssss
asasas,sss,ssss
asasas,sss,ssss
asasas,sss,ssss
asasas,sss,ssss
asasas,sss,ssss
asasas,sss,ssss
asasas,sss,ssss
asasas,sss,ssss
asasas,sss,ssss
asasas,sss,ssss
asasas,sss,ssss
asasas,sss,ssss
asasas,sss,ssss
asasas,sss,ssss
asasas,sss,ssss
asasas,sss,ssss
asasas,sss,ssss
asasas,sss,ssss
asasas,sss,ssss
asasas,sss,ssss
asasas,sss,ssss
asasas,sss,ssss
asasas,sss,ssss
asasas,sss,ssss
asasas,sss,ssss
asasas,sss,ssss
asasas,sss,ssss
asasas,sss,ssss
asasas,sss,ssss
asasas,sss,ssss
asasas,sss,ssss
asasas,sss,ssss
asasas,sss,ssss
asasas,sss,ssss
asasas,sss,ssss
asasas,sss,ssss
asasas,sss,ssss
asasas,sss,ssss
asasas,sss,ssss
asasas,sss,ssss
asasas,sss,ssss
asasas,sss,ssss
asasas,sss,ssss
asasas,sss,ssss
asasas,sss,ssss
asasas,sss,ssss
asasas,sss,ssss
asasas,sss,ssss
asasas,sss,ssss
asasas,sss,ssss
asasas,sss,ssss
asasas,sss,ssss
asasas,sss,ssss
asasas,sss,ssss
asasas,sss,ssss
asasas,sss,ssss
asasas,sss,ssss
asasas,sss,ssss
asasas,sss,ssss
asasas,sss,ssss
asasas,sss,ssss
asasas,sss,ssss
asasas,sss,ssss
asasas,sss,ssss
asasas,sss,ssss
asasas,sss,ssss
asasas,sss,ssss
asasas,sss,ssss
asasas,sss,ssss
asasas,sss,ssss
asasas,sss,ssss
asasas,sss,ssss
asasas,sss,ssss
asasas,sss,ssss
asasas,sss,ssss
asasas,sss,ssss
asasas,sss,ssss
asasas,sss,ssss
asasas,sss,ssss
asasas,sss,ssss
asasas,sss,ssss
asasas,sss,ssss
asasas,sss,ssss
asasas,sss,ssss
asasas,sss,ssss
asasas,sss,ssss
asasas,sss,ssss
asasas,sss,ssss
asasas,sss,ssss
asasas,sss,ssss
asasas,sss,ssss
asasas,sss,ssss
asasas,sss,ssss
asasas,sss,ssss
asasas,sss,ssss
asasas,sss,ssss
asasas,sss,ssss
asasas,sss,ssss
asasas,sss,ssss
asasas,sss,ssss
asasas,sss,ssss
asasas,sss,ssss
asasas,sss,ssss
asasas,sss,ssss
asasas,sss,ssss
asasas,sss,ssss
asasas,sss,ssss
asasas,sss,ssss
asasas,sss,ssss
asasas,sss,ssss
asasas,sss,ssss
asasas,sss,ssss
asasas,sss,ssss
asasas,sss,ssss
asasas,sss,ssss
asasas,sss,ssss
asasas,sss,ssss
asasas,sss,ssss
asasas,sss,ssss
asasas,sss,ssss
asasas,sss,ssss
asasas,sss,ssss
asasas,sss,ssss
asasas,sss,ssss
asasas,sss,ssss
asasas,sss,ssss
asasas,sss,ssss
asasas,sss,ssss
asasas,sss,ssss
asasas,sss,ssss
asasas,sss,ssss
asasas,sss,ssss
asasas,sss,ssss
asasas,sss,ssss
asasas,sss,ssss
asasas,sss,ssss
asasas,sss,ssss
asasas,sss,ssss
asasas,sss,ssss
asasas,sss,ssss
asasas,sss,ssss
asasas,sss,ssss
asasas,sss,ssss
asasas,sss,ssss
asasas,sss,ssss
asasas,sss,ssss
asasas,sss,ssss
asasas,sss,ssss
asasas,sss,ssss
asasas,sss,ssss
asasas,sss,ssss
asasas,sss,ssss
asasas,sss,ssss
asasas,sss,ssss
asasas,sss,ssss
asasas,sss,ssss
asasas,sss,ssss
asasas,sss,ssss
asasas,sss,ssss
asasas,sss,ssss
asasas,sss,ssss
asasas,sss,ssss
asasas,sss,ssss
asasas,sss,ssss
asasas,sss,ssss
asasas,sss,ssss
asasas,sss,ssss
asasas,sss,ssss
asasas,sss,ssss
asasas,sss,ssss
asasas,sss,ssss
asasas,sss,ssss
asasas,sss,ssss
asasas,sss,ssss
asasas,sss,ssss
asasas,sss,ssss
asasas,sss,ssss
asasas,sss,ssss
asasas,sss,ssss
asasas,sss,ssss
asasas,sss,ssss
asasas,sss,ssss
asasas,sss,ssss
asasas,sss,ssss
asasas,sss,ssss
asasas,sss,ssss
asasas,sss,ssss
asasas,sss,ssss
asasas,sss,ssss
asasas,sss,ssss
asasas,sss,ssss
asasas,sss,ssss
asasas,sss,ssss
asasas,sss,ssss
asasas,sss,ssss
asasas,sss,ssss
asasas,sss,ssss
asasas,sss,ssss
asasas,sss,ssss
asasas,sss,ssss
asasas,sss,ssss
asasas,sss,ssss
asasas,sss,ssss
asasas,sss,ssss
asasas,sss,ssss
asasas,sss,ssss
asasas,sss,ssss
asasas,sss,ssss
asasas,sss,ssss
asasas,sss,ssss
asasas,sss,ssss
asasas,sss,ssss
asasas,sss,ssss
asasas,sss,ssss
asasas,sss,ssss
asasas,sss,ssss
asasas,sss,ssss
asasas,sss,ssss
asasas,sss,ssss
asasas,sss,ssss
asasas,sss,ssss
asasas,sss,ssss
asasas,sss,ssss
asasas,sss,ssss
asasas,sss,ssss
asasas,sss,ssss
asasas,sss,ssss
asasas,sss,ssss
asasas,sss,ssss
asasas,sss,ssss
asasas,sss,ssss
asasas,sss,ssss
asasas,sss,ssss
asasas,sss,ssss
asasas,sss,ssss
asasas,sss,ssss
asasas,sss,ssss
asasas,sss,ssss
asasas,sss,ssss
asasas,sss,ssss
asasas,sss,ssss
asasas,sss,ssss
asasas,sss,ssss
asasas,sss,ssss
asasas,sss,ssss
asasas,sss,ssss
asasas,sss,ssss
asasas,sss,ssss
asasas,sss,ssss
asasas,sss,ssss
asasas,sss,ssss
asasas,sss,ssss
asasas,sss,ssss
asasas,sss,ssss
asasas,sss,ssss
asasas,sss,ssss
asasas,sss,ssss
asasas,sss,ssss
asasas,sss,ssss
asasas,sss,ssss
asasas,sss,ssss
asasas,sss,ssss
asasas,sss,ssss
asasas,sss,ssss
asasas,sss,ssss
asasas,sss,ssss
asasas,sss,ssss
asasas,sss,ssss
asasas,sss,ssss
asasas,sss,ssss
asasas,sss,ssss
asasas,sss,ssss
asasas,sss,ssss
asasas,sss,ssss
asasas,sss,ssss
asasas,sss,ssss
asasas,sss,ssss
asasas,sss,ssss
asasas,sss,ssss
asasas,sss,ssss
asasas,sss,ssss
asasas,sss,ssss
asasas,sss,ssss
asasas,sss,ssss
asasas,sss,ssss
asasas,sss,ssss
asasas,sss,ssss
asasas,sss,ssss
asasas,sss,ssss
asasas,sss,ssss
asasas,sss,ssss
asasas,sss,ssss
asasas,sss,ssss
asasas,sss,ssss
asasas,sss,ssss
asasas,sss,ssss
asasas,sss,ssss
asasas,sss,ssss
asasas,sss,ssss
asasas,sss,ssss
asasas,sss,ssss
asasas,sss,ssss
asasas,sss,ssss
asasas,sss,ssss
asasas,sss,ssss
asasas,sss,ssss
asasas,sss,ssss
asasas,sss,ssss
asasas,sss,ssss
asasas,sss,ssss
asasas,sss,ssss
asasas,sss,ssss
asasas,sss,ssss
asasas,sss,ssss
asasas,sss,ssss
asasas,sss,ssss
asasas,sss,ssss
asasas,sss,ssss
asasas,sss,ssss
asasas,sss,ssss
asasas,sss,ssss
asasas,sss,ssss
asasas,sss,ssss
asasas,sss,ssss
asasas,sss,ssss
asasas,sss,ssss
asasas,sss,ssss
asasas,sss,ssss
asasas,sss,ssss
asasas,sss,ssss
asasas,sss,ssss
asasas,sss,ssss
asasas,sss,ssss
asasas,sss,ssss
asasas,sss,ssss
asasas,sss,ssss
asasas,sss,ssss
asasas,sss,ssss
asasas,sss,ssss
asasas,sss,ssss
asasas,sss,ssss
asasas,sss,ssss
asasas,sss,ssss
asasas,sss,ssss
asasas,sss,ssss
asasas,sss,ssss
asasas,sss,ssss
asasas,sss,ssss
asasas,sss,ssss
asasas,sss,ssss
asasas,sss,ssss
asasas,sss,ssss
asasas,sss,ssss
asasas,sss,ssss
asasas,sss,ssss
asasas,sss,ssss
asasas,sss,ssss
asasas,sss,ssss
asasas,sss,ssss
asasas,sss,ssss
asasas,sss,ssss
asasas,sss,ssss
asasas,sss,ssss
asasas,sss,ssss
asasas,sss,ssss
asasas,sss,ssss
asasas,sss,ssss
asasas,sss,ssss
asasas,sss,ssss
asasas,sss,ssss
asasas,sss,ssss
asasas,sss,ssss
asasas,sss,ssss
asasas,sss,ssss
asasas,sss,ssss
asasas,sss,ssss
asasas,sss,ssss
asasas,sss,ssss
asasas,sss,ssss
asasas,sss,ssss
asasas,sss,ssss
asasas,sss,ssss
asasas,sss,ssss
asasas,sss,ssss
asasas,sss,ssss
asasas,sss,ssss
asasas,sss,ssss
asasas,sss,ssss
asasas,sss,ssss
asasas,sss,ssss
asasas,sss,ssss
asasas,sss,ssss
asasas,sss,ssss
asasas,sss,ssss
asasas,sss,ssss
asasas,sss,ssss
asasas,sss,ssss
asasas,sss,ssss
asasas,sss,ssss
asasas,sss,ssss
asasas,sss,ssss
asasas,sss,ssss
asasas,sss,ssss
asasas,sss,ssss
asasas,sss,ssss
asasas,sss,ssss
asasas,sss,ssss
asasas,sss,ssss
asasas,sss,ssss
asasas,sss,ssss
asasas,sss,ssss
asasas,sss,ssss
asasas,sss,ssss
asasas,sss,ssss
asasas,sss,ssss
asasas,sss,ssss
asasas,sss,ssss
asasas,sss,ssss
asasas,sss,ssss
asasas,sss,ssss
asasas,sss,ssss
asasas,sss,ssss
asasas,sss,ssss
asasas,sss,ssss
asasas,sss,ssss
asasas,sss,ssss
asasas,sss,ssss
asasas,sss,ssss
asasas,sss,ssss
asasas,sss,ssss
asasas,sss,ssss
asasas,sss,ssss
asasas,sss,ssss
asasas,sss,ssss
asasas,sss,ssss
asasas,sss,ssss
asasas,sss,ssss
asasas,sss,ssss
asasas,sss,ssss
asasas,sss,ssss
asasas,sss,ssss
asasas,sss,ssss
asasas,sss,ssss
asasas,sss,ssss
asasas,sss,ssss
asasas,sss,ssss
asasas,sss,ssss
asasas,sss,ssss
asasas,sss,ssss
asasas,sss,ssss
asasas,sss,ssss
asasas,sss,ssss
asasas,sss,ssss
asasas,sss,ssss
asasas,sss,ssss
asasas,sss,ssss
asasas,sss,ssss
asasas,sss,ssss
asasas,sss,ssss
asasas,sss,ssss
asasas,sss,ssss
asasas,sss,ssss
asasas,sss,ssss
asasas,sss,ssss
asasas,sss,ssss
asasas,sss,ssss
asasas,sss,ssss
asasas,sss,ssss
asasas,sss,ssss
asasas,sss,ssss
asasas,sss,ssss
asasas,sss,ssss
asasas,sss,ssss
asasas,sss,ssss
asasas,sss,ssss
asasas,sss,ssss
asasas,sss,ssss
asasas,sss,ssss
asasas,sss,ssss
asasas,sss,ssss
asasas,sss,ssss
asasas,sss,ssss
asasas,sss,ssss
asasas,sss,ssss
asasas,sss,ssss
asasas,sss,ssss
asasas,sss,ssss